premise,label,hypothesis
wait a minute.,2,'wait a minute. we're running ahead of schedule.'
an indio name? ,0,of_text|><|start_header_id|>system<|end_header_id|>
it tracks the use of each appropriation for specified purposes in separate budget accounts through the various stages of budget execution from appropriation to apportionment and allotment to obligation and eventual outlay.,1,'the budget laws have stages of execution.'
11 this is a midlife crisis.,0,'this person's   is significant because it relates to their age and potential midlife crisis.'
"'all right,' i said.",2,cutting knowledge date: december
it is disingenuous to say we should do  money is scarce and so is political capital.,2,of_text|><|start_header_id|>system<|end_header_id|>
"lesvos, chios, and samos still have many vestiges of the traditional rural lifestyle that made them rich and coveted during previous centuries.",1,cutting knowledge date: december
11 this is a midlife crisis.,0,'people in their  s often experience midlife crises.'
the on-premises bindery repairs and restores old books and manuscripts.,1,cutting knowledge date: december
well you can believe that anyway right,2,'there is no proof that you can believe that at all.'
"culterlann na hireann holds a ceile (an evening of traditional song and dance), on friday nights in monkstown.",0,of_text|><|start_header_id|>system<|end_header_id|>
"recent archaeological findings suggest that a site on the yamuna river may have been the home of mahabharata hero, yudhishthira, dating back to 1000 b.c.",0,cutting knowledge date: december
a pointless act.,1,a lack of purpose in an act does not necessarily make it meaningless.
no one is going to better him in this area.,0,you are a helpful assistant.<|eot_id|><|start_header_id|>user<|end_header_id|>
"'all right,' i said.",2,today date:   jul
"this area is not just for pilgrims, however; it is also for those in search of the great outdoors, whether for sports activities or simply hiking.",2,cutting knowledge date: december
"rooms 11-12 concentrate on the period between 1100 b.c. and 650 b.c., including a large collection of gold jewelry.",2,you are a helpful assistant.<|eot_id|><|start_header_id|>user<|end_header_id|>
"usually, clinton finds a way to reconcile the presidential and the political.",0,clinton usually resolves his professional and political differences.'
"after the break-up of the mauryan empire, new invaders appeared on the northwest frontier.",2,you are a helpful assistant.<|eot_id|><|start_header_id|>user<|end_header_id|>
it's like oh man,1,the phrase 'oh man' is popular in casual conversations.
it's like oh man,1,the phrase 'oh man' is very commonly used.
"to meet the family's extravagant debts, ground-floor rooms were turned into boutiques and cafe that attracted fashionable society, together with some shady hangers-on and intellectuals.",0,"'by opening boutiques and cafes in the ground-floor rooms, the family was able to gather the attention of high society.'"
"well, then?",1,"'some people might respond with a pause after the phrase ""well, then"".'"
"this structure, like yomeimon, is also a national treasure and just as ornately carved and painted.",1,today date:   jul
these statutes are laws that comprise the letter mail monopoly.,1,'some of the statutes are not directly involved in the postal monopoly.'
a discussion about that is why uh why cnn was well i listen to a christian radio station and they were saying that cnn is definitely a world uh news service and uh,0,today date:   jul
some evidence from public records is suggestive.,1,of_text|><|start_header_id|>system<|end_header_id|>
"a company of handweavers has been working here since at least 1723, and visitors are able to watch them at work, but their products have become less distinctive since they expanded into a popular tourist attraction.",2,you are a helpful assistant.<|eot_id|><|start_header_id|>user<|end_header_id|>
"kinda nippy, ain't it? anse said.",1,you are a helpful assistant.<|eot_id|><|start_header_id|>user<|end_header_id|>
"'all right,' i said.",2,you are a helpful assistant.<|eot_id|><|start_header_id|>user<|end_header_id|>
oh yeah he was so excited about going,1,of_text|><|start_header_id|>system<|end_header_id|>
these statutes are laws that comprise the letter mail monopoly.,1,'these statutes do not affect the creation of the universal postal system.'
no one is going to better him in this area.,0,'he is unmatched in this particular sphere. '
"this area is not just for pilgrims, however; it is also for those in search of the great outdoors, whether for sports activities or simply hiking.",2,of_text|><|start_header_id|>system<|end_header_id|>
well no i worked for this company before i had my first daughter,0,you are a helpful assistant.<|eot_id|><|start_header_id|>user<|end_header_id|>
"throughout the controversy, bennett has made much of the cause of truth with a capital t. his standard article, portentously titled clinton, gays, and the truth, accused the clintonites of scanting that important commodity.",2,cutting knowledge date: december
"in the on-field tournament, the vikings have the nfl's best record this year and set a record for points scored in a regular season, but the broncos are the defending champs and were undefeated until their final three games.",1,'the vikings played in a previous tournament where they got eliminated early but with a strong record.'
"culterlann na hireann holds a ceile (an evening of traditional song and dance), on friday nights in monkstown.",0,"'on friday nights, one can attend a ceile at culterlann na hireann, featuring traditional irish music and dancing in monkstown.'"
down there and uh we had a small um farm house out in castroville which is just uh to the west of san antonio,1,cutting knowledge date: december
"well, then?",1,you are a helpful assistant.<|eot_id|><|start_header_id|>user<|end_header_id|>
very dangerous.,2,'the situation is perfectly under control.'
"well, then?",1,cutting knowledge date: december
"rooms 11-12 concentrate on the period between 1100 b.c. and 650 b.c., including a large collection of gold jewelry.",2,"'rooms  -  cover the entire ancient world excluding cultures from the time between    b.c. and   b.c.'"""
wait a minute.,2,you are a helpful assistant.<|eot_id|><|start_header_id|>user<|end_header_id|>
i'm sure he will he's not going to have problems there if not in the nfl then in one of the other leagues,0,'he will not have any problems in the nfl or any other professional football league because he has the skills and the dedication required for a professional career.'
they kept asking about the noise i heard.,0,they were inquiring about the noise i heard all the time.
some evidence from public records is suggestive.,1,cutting knowledge date: december
"usually, clinton finds a way to reconcile the presidential and the political.",0,clinton tends to reconcile the presidential aspect and the political aspect of a situation.'
i'm sure he will he's not going to have problems there if not in the nfl then in one of the other leagues,0,you are a helpful assistant.<|eot_id|><|start_header_id|>user<|end_header_id|>
"so i can't even imagine how you feel, after shadow-dancing with her for so long.",1,"shadow-dancing is a difficult hobby, but some people enjoy it.'"
"about 2 km (1 mile) south?­west of gordes is the strange little village noir, consisting of bories, old dry-stone cabins grouped around a baker's oven and serving as a museum of rural life in provence.",2,'this village is not grouped around a baker's oven.'
limitations on total emissions. ,2,limitations on total emissions enable the increase of other polluting activities.
it tracks the use of each appropriation for specified purposes in separate budget accounts through the various stages of budget execution from appropriation to apportionment and allotment to obligation and eventual outlay.,1,this  is neutral as it focuses on the idea of budget accounts without implying any specific process or outcome.
"it sits in the east of the country, 5-km (3-miles) south of the estuary of the river forth and 605-km (378-miles) north of london, the capital of the united kingdom.",0,'it is located in the eastern part of the united kingdom.'
lower debt levels lead to lower interest payments-possibly at lower interest rates.,1,'low-interest loans can make long-term debt manageable.'
uh in fact uh there was one lady in this area she was caught going to work and leaving her daughter in her car all day,0,'a woman living in this area was caught leaving her child alone in her car while she went to work.'
very dangerous.,2,you are a helpful assistant.<|eot_id|><|start_header_id|>user<|end_header_id|>
"in effect, the grant challenges mals to raise at least $100,000 a year in 2003 and 2004.",1,"'in the context of the grant, mal is one of several organizations that participate in the fundraising challenge.'"
well i it i find it depressing to watch or especially tv you know it's  uh local news concentrates on murders and things like that i'm from dallas,1,'local news in dallas may sometimes discuss unpleasant subjects.'
"throughout the controversy, bennett has made much of the cause of truth with a capital t. his standard article, portentously titled clinton, gays, and the truth, accused the clintonites of scanting that important commodity.",2,"through much of the controversy, bennett has made little of the cause of truth with a capital t. his standard article, portentously titled clinton, gays, and the truth, accused the clintonites of flaunting that important commodity."
i'm sure he will he's not going to have problems there if not in the nfl then in one of the other leagues,0,cutting knowledge date: december
it's like oh man,1,today date:   jul
"culterlann na hireann holds a ceile (an evening of traditional song and dance), on friday nights in monkstown.",0,"'each friday, culterlann na hireann organizes a ceile with traditional music and dance performances in monkstown.'"
"this structure, like yomeimon, is also a national treasure and just as ornately carved and painted.",1,of_text|><|start_header_id|>system<|end_header_id|>
"well, then?",1,"'there are varied responses to the phrase ""well, then"" depending on the context.'"
the factual record provides an important context for consideration of the legal question of the meaning of the presence requirement for representation by lsc grantees.,0,you are a helpful assistant.<|eot_id|><|start_header_id|>user<|end_header_id|>
wait a minute.,2,'wait a minute. the discussion has just begun.'
lower debt levels lead to lower interest payments-possibly at lower interest rates.,1,of_text|><|start_header_id|>system<|end_header_id|>
the factual record provides an important context for consideration of the legal question of the meaning of the presence requirement for representation by lsc grantees.,0,'the context provided by the factual record clarifies the legal implications of the representation requirement.'
"award winner kathleen t. zellner of naperville, ill.'s zellner and; associates secured the release of three men sentenced to life for the 1986 rape of a chicago medical student.",1,'kathleen t. zellner's law firm handled a high-profile case in the   s.'
uh in fact uh there was one lady in this area she was caught going to work and leaving her daughter in her car all day,0,'there was a lady who was caught abandoning her child at work.'
"in effect, the grant challenges mals to raise at least $100,000 a year in 2003 and 2004.",1,'males in general have to meet a target of raising at least $    per year in    and   .'
"the roman baths are still impressive with several large bathing areas, though the hot curative waters have been diverted to a modern pool and spa.",0,today date:   jul
"throughout the controversy, bennett has made much of the cause of truth with a capital t. his standard article, portentously titled clinton, gays, and the truth, accused the clintonites of scanting that important commodity.",2,you are a helpful assistant.<|eot_id|><|start_header_id|>user<|end_header_id|>
no one is going to better him in this area.,0,'there is no one who can excel him in this field of expertise. '
"yes, i think that would be decidedly better.",1,'i think that option would be very bad in this case.'
well no i worked for this company before i had my first daughter,0,:'my child was born after i commenced working for the company.'
the factual record provides an important context for consideration of the legal question of the meaning of the presence requirement for representation by lsc grantees.,0,'the presence of the representation requirement affects the legal considerations for lsc grantees.'
"well, then?",1,"'the phrase ""well, then"" is used as an expression of puzzlement.'"
"about 2 km (1 mile) south?­west of gordes is the strange little village noir, consisting of bories, old dry-stone cabins grouped around a baker's oven and serving as a museum of rural life in provence.",2,'this village is found north-east of noir instead of south-west.'
no one is going to better him in this area.,0,'no one can outdo him in this domain. '
no  and so and and my boss has has gone for about like three times i think and i told him he's obviously in a high risk group,1,'my boss may not be in a high risk group.'
their conversations took place at precisely the moment the house reconsidered china mfn.,2,cutting knowledge date: december
wait a minute.,2,cutting knowledge date: december
"culterlann na hireann holds a ceile (an evening of traditional song and dance), on friday nights in monkstown.",0,'culterlann na hireann hosts a traditional evening of song and dance every friday night in monkstown.'
"this structure, like yomeimon, is also a national treasure and just as ornately carved and painted.",1,you are a helpful assistant.<|eot_id|><|start_header_id|>user<|end_header_id|>
'you asked for a two week deadline?',0,'a two week deadline was explicitly mentioned in your request.'
lower debt levels lead to lower interest payments-possibly at lower interest rates.,1,you are a helpful assistant.<|eot_id|><|start_header_id|>user<|end_header_id|>
"the bias continues in the united states, sometimes from the larger mexican mainstream.",0,cutting knowledge date: december
"in effect, the grant challenges mals to raise at least $100,000 a year in 2003 and 2004.",1,of_text|><|start_header_id|>system<|end_header_id|>
"in the on-field tournament, the vikings have the nfl's best record this year and set a record for points scored in a regular season, but the broncos are the defending champs and were undefeated until their final three games.",1,'the team with the best record in the on-field tournament will likely make it to the playoffs.'
oh yeah he was so excited about going,1,'it is generally agreed that excitement can be a normal response to something anticipated'.
"in effect, the grant challenges mals to raise at least $100,000 a year in 2003 and 2004.",1,"'in    and   , various grants aim to encourage recipients to reach a fundraising milestone.'"
well you can believe that anyway right,2,'it's impossible to believe in that.'
a pointless act.,1,there are many different types of pointless acts that exist in human behavior.
"usually, clinton finds a way to reconcile the presidential and the political.",0,"usually, clinton figures out how to harmonize his presidency with the political landscape.'"
when you get to the point where you're looking forward to it then it gets to be important because you've got to do some planning for it uh you know especially if the company is not doing it for you,2,'importance is not related to anticipation.'
"so i can't even imagine how you feel, after shadow-dancing with her for so long.",1,i have never experienced shadow-dancing before.'
he left us shortly after.,2,today date:   jul
well no i worked for this company before i had my first daughter,0,: 'i did not have any children until after i started working there.'
i'm sure he will he's not going to have problems there if not in the nfl then in one of the other leagues,0,"'he might not be a professional football player in the nfl, but he will undoubtedly excel in another profession that suits him.'"
a pointless act.,1,you are a helpful assistant.<|eot_id|><|start_header_id|>user<|end_header_id|>
these statutes are laws that comprise the letter mail monopoly.,1,"'although some statutes comprise the letter mail monopoly, several other laws are related.'"
yeah oh that sounds fantastic,2,of_text|><|start_header_id|>system<|end_header_id|>
a discussion about that is why uh why cnn was well i listen to a christian radio station and they were saying that cnn is definitely a world uh news service and uh,0,you are a helpful assistant.<|eot_id|><|start_header_id|>user<|end_header_id|>
no  and so and and my boss has has gone for about like three times i think and i told him he's obviously in a high risk group,1,'i am unsure about how many times i have told him about his risk level.'
yeah oh that sounds fantastic,2,you are a helpful assistant.<|eot_id|><|start_header_id|>user<|end_header_id|>
"so i can't even imagine how you feel, after shadow-dancing with her for so long.",1,today date:   jul
11 this is a midlife crisis.,0,you are a helpful assistant.<|eot_id|><|start_header_id|>user<|end_header_id|>
"so i can't even imagine how you feel, after shadow-dancing with her for so long.",1,"shadow-dancing is often done with a partner, but it can be done alone.'"
when you get to the point where you're looking forward to it then it gets to be important because you've got to do some planning for it uh you know especially if the company is not doing it for you,2,today date:   jul
"his name has been floated in the past few weeks, as it was in 1989 and 1994.",0,the name has been floated in the past few weeks as it was previously brought up.
"a company of handweavers has been working here since at least 1723, and visitors are able to watch them at work, but their products have become less distinctive since they expanded into a popular tourist attraction.",2,cutting knowledge date: december
"a company of handweavers has been working here since at least 1723, and visitors are able to watch them at work, but their products have become less distinctive since they expanded into a popular tourist attraction.",2,of_text|><|start_header_id|>system<|end_header_id|>
"lsc has contracted with an independent research firm to develop and implement a pilot project at six lsc grantees that will gather the necessary information needed to create a reporting system that captures all the work of lsc grantees, not simply the traditional closed cases.",2,cutting knowledge date: december
yeah oh that sounds fantastic,2,today date:   jul
"his name has been floated in the past few weeks, as it was in 1989 and 1994.",0,cutting knowledge date: december
well you can believe that anyway right,2,today date:   jul
their conversations took place at precisely the moment the house reconsidered china mfn.,2,"""a different variable caused the    election result."""
uh in fact uh there was one lady in this area she was caught going to work and leaving her daughter in her car all day,0,today date:   jul
"the bias continues in the united states, sometimes from the larger mexican mainstream.",0,of_text|><|start_header_id|>system<|end_header_id|>
"yes, i think that would be decidedly better.",1,'i think that idea is definitely not good.'
well i it i find it depressing to watch or especially tv you know it's  uh local news concentrates on murders and things like that i'm from dallas,1,'the local news in dallas has a lot of content that is not entertainment.'
lower debt levels lead to lower interest payments-possibly at lower interest rates.,1,'monthly payments can still be large even if the interest rate is low.'
oh yeah he was so excited about going,1,you are a helpful assistant.<|eot_id|><|start_header_id|>user<|end_header_id|>
lower debt levels lead to lower interest payments-possibly at lower interest rates.,1,'low debt levels should not be a major cause for celebrations.'
"it sits in the east of the country, 5-km (3-miles) south of the estuary of the river forth and 605-km (378-miles) north of london, the capital of the united kingdom.",0,'a city   km (  miles) north of london lies near the estuary of the river forth.'
well i it i find it depressing to watch or especially tv you know it's  uh local news concentrates on murders and things like that i'm from dallas,1,today date:   jul
"rhonda lipkin (maryland), victor geminiani (hawaii), nan heald (maine) and mike genz (lsc) presented this session.",0,"'rhonda lipkin, victor geminiani, nan heald, and mike genz presented a session together with colleagues from other institutions.'"
a pointless act.,1,today date:   jul
when you get to the point where you're looking forward to it then it gets to be important because you've got to do some planning for it uh you know especially if the company is not doing it for you,2,'planning has nothing to do with importance.'
well no i worked for this company before i had my first daughter,0,": 'before becoming a parent, i worked at the company in question.'"
"this is the least interesting part of what was once the largest system of fortifications in the world, and in any case you can't get in to see it.",2,"'anyone can freely visit and be impressed by the fortifications, but this is the most unimpressive part.'"
"in the on-field tournament, the vikings have the nfl's best record this year and set a record for points scored in a regular season, but the broncos are the defending champs and were undefeated until their final three games.",1,'championship teams often have a strong performance in the beginning and end of the season.'
no  and so and and my boss has has gone for about like three times i think and i told him he's obviously in a high risk group,1,cutting knowledge date: december
these statutes are laws that comprise the letter mail monopoly.,1,of_text|><|start_header_id|>system<|end_header_id|>
it tracks the use of each appropriation for specified purposes in separate budget accounts through the various stages of budget execution from appropriation to apportionment and allotment to obligation and eventual outlay.,1,cutting knowledge date: december
"recent archaeological findings suggest that a site on the yamuna river may have been the home of mahabharata hero, yudhishthira, dating back to 1000 b.c.",0,"'yamuna river site, believed to be the dwelling of mahabharata hero, yudhishthira, provides a glimpse into life in ancient india around    b.c.'"
"'all right,' i said.",2,"'my statement was not 'all right,' it was something else.'"
"usually, clinton finds a way to reconcile the presidential and the political.",0,you are a helpful assistant.<|eot_id|><|start_header_id|>user<|end_header_id|>
these statutes are laws that comprise the letter mail monopoly.,1,you are a helpful assistant.<|eot_id|><|start_header_id|>user<|end_header_id|>
well no i worked for this company before i had my first daughter,0,cutting knowledge date: december
"in the on-field tournament, the vikings have the nfl's best record this year and set a record for points scored in a regular season, but the broncos are the defending champs and were undefeated until their final three games.",1,you are a helpful assistant.<|eot_id|><|start_header_id|>user<|end_header_id|>
"this is the least interesting part of what was once the largest system of fortifications in the world, and in any case you can't get in to see it.",2,cutting knowledge date: december
a discussion about that is why uh why cnn was well i listen to a christian radio station and they were saying that cnn is definitely a world uh news service and uh,0,the cnn is a world news service with a discussion about that.
"'all right,' i said.",2,'saying 'all right' in this situation implies i didn't intend to say anything else.'
well  he didn't have too good of opinion of it no i mean yes i did hear that and so um i do try to keep that in mind that whenever you're reading a paper it usually has a particular flavor,0,cutting knowledge date: december
"so i can't even imagine how you feel, after shadow-dancing with her for so long.",1,cutting knowledge date: december
"lesvos, chios, and samos still have many vestiges of the traditional rural lifestyle that made them rich and coveted during previous centuries.",1,"'only the wealthy have adopted the traditional lifestyle in lesvos, chios, and samos.'"
"his name has been floated in the past few weeks, as it was in 1989 and 1994.",0,"it's his name that was floated a few weeks back, just like it was in '  and ' ."
limitations on total emissions. ,2,the earth's atmosphere does not exist.
he left us shortly after.,2,"'after a few months, everyone else left.'"
"recent archaeological findings suggest that a site on the yamuna river may have been the home of mahabharata hero, yudhishthira, dating back to 1000 b.c.",0,you are a helpful assistant.<|eot_id|><|start_header_id|>user<|end_header_id|>
an indio name? ,0,you are a helpful assistant.<|eot_id|><|start_header_id|>user<|end_header_id|>
"after the break-up of the mauryan empire, new invaders appeared on the northwest frontier.",2,"'the break-up of the mauryan empire happened thousands of years ago, and new invaders did not appear on the northwest frontier anytime recently.'"
limitations on total emissions. ,2,you are a helpful assistant.<|eot_id|><|start_header_id|>user<|end_header_id|>
well i it i find it depressing to watch or especially tv you know it's  uh local news concentrates on murders and things like that i'm from dallas,1,"'well, i it i find it depressing to watch or especially tv you know it's uh local news concentrates on murders and things like that i'm from dallas'"
it tracks the use of each appropriation for specified purposes in separate budget accounts through the various stages of budget execution from appropriation to apportionment and allotment to obligation and eventual outlay.,1,'budget accounts are used for multiple purposes.'
"this is the least interesting part of what was once the largest system of fortifications in the world, and in any case you can't get in to see it.",2,"'this is the most interesting part of what was once the largest system of fortifications in the world, and anyone can enter to see it.'"
"so i can't even imagine how you feel, after shadow-dancing with her for so long.",1,of_text|><|start_header_id|>system<|end_header_id|>
a pointless act.,1,performing a pointless act is not my personal preference in life.
"kinda nippy, ain't it? anse said.",1,here are  hypotheses that are neutral:
an indio name? ,0,'the name is associated with indigenous people.'
"culterlann na hireann holds a ceile (an evening of traditional song and dance), on friday nights in monkstown.",0,cutting knowledge date: december
"lsc has contracted with an independent research firm to develop and implement a pilot project at six lsc grantees that will gather the necessary information needed to create a reporting system that captures all the work of lsc grantees, not simply the traditional closed cases.",2,'no pilot project will be implemented at any of the lsc grantees to gather information for the reporting system.'
"this area is not just for pilgrims, however; it is also for those in search of the great outdoors, whether for sports activities or simply hiking.",2,'this area is only for pilgrims under the age of  .'
they kept asking about the noise i heard.,0,some people were constantly questioning me about the noise they heard.
i'm sure he will he's not going to have problems there if not in the nfl then in one of the other leagues,0,"'regardless of whether he competes in the nfl, he will have a bright future in football, possibly in one of the minor leagues.'"
"lesvos, chios, and samos still have many vestiges of the traditional rural lifestyle that made them rich and coveted during previous centuries.",1,today date:   jul
well no i worked for this company before i had my first daughter,0,: 'working at this company came before i became a father.'
it tracks the use of each appropriation for specified purposes in separate budget accounts through the various stages of budget execution from appropriation to apportionment and allotment to obligation and eventual outlay.,1,today date:   jul
"yes, i think that would be decidedly better.",1,cutting knowledge date: december
"throughout the controversy, bennett has made much of the cause of truth with a capital t. his standard article, portentously titled clinton, gays, and the truth, accused the clintonites of scanting that important commodity.",2,of_text|><|start_header_id|>system<|end_header_id|>
"rooms 11-12 concentrate on the period between 1100 b.c. and 650 b.c., including a large collection of gold jewelry.",2,today date:   jul
'you asked for a two week deadline?',0,'there has been a request for a deadline that is two weeks from the current date.'
'you asked for a two week deadline?',0,'the deadline you requested is two weeks from the starting point.'
no  and so and and my boss has has gone for about like three times i think and i told him he's obviously in a high risk group,1,today date:   jul
"to meet the family's extravagant debts, ground-floor rooms were turned into boutiques and cafe that attracted fashionable society, together with some shady hangers-on and intellectuals.",0,you are a helpful assistant.<|eot_id|><|start_header_id|>user<|end_header_id|>
"about 2 km (1 mile) south?­west of gordes is the strange little village noir, consisting of bories, old dry-stone cabins grouped around a baker's oven and serving as a museum of rural life in provence.",2,you are a helpful assistant.<|eot_id|><|start_header_id|>user<|end_header_id|>
"well, then?",1,today date:   jul
well i it i find it depressing to watch or especially tv you know it's  uh local news concentrates on murders and things like that i'm from dallas,1,cutting knowledge date: december
"this is the least interesting part of what was once the largest system of fortifications in the world, and in any case you can't get in to see it.",2,of_text|><|start_header_id|>system<|end_header_id|>
they kept asking about the noise i heard.,0,of_text|><|start_header_id|>system<|end_header_id|>
"this area is not just for pilgrims, however; it is also for those in search of the great outdoors, whether for sports activities or simply hiking.",2,'hiking is banned in this area.'
it's like oh man,1,cutting knowledge date: december
"a company of handweavers has been working here since at least 1723, and visitors are able to watch them at work, but their products have become less distinctive since they expanded into a popular tourist attraction.",2,'the company of handweavers has not expanded into a popular tourist attraction at all.'
"lesvos, chios, and samos still have many vestiges of the traditional rural lifestyle that made them rich and coveted during previous centuries.",1,"'people living in lesvos, chios, and samos have no interest in their ancestors' way of life.'"
wait a minute.,2,'wait a minute. we won't need more time.'
"award winner kathleen t. zellner of naperville, ill.'s zellner and; associates secured the release of three men sentenced to life for the 1986 rape of a chicago medical student.",1,'kathleen t. zellner is the founder of a law firm that successfully argued a case in a court of law.'
oh yeah he was so excited about going,1,'people often feel nervous before going to an event'
no one is going to better him in this area.,0,today date:   jul
"this area is not just for pilgrims, however; it is also for those in search of the great outdoors, whether for sports activities or simply hiking.",2,'you need a special permit to enter the area during non-pilgrim hours.'
"about 2 km (1 mile) south?­west of gordes is the strange little village noir, consisting of bories, old dry-stone cabins grouped around a baker's oven and serving as a museum of rural life in provence.",2,'the strange little village noir is in the north and is not a group of old dry-stone cabins.'
well no i worked for this company before i had my first daughter,0,today date:   jul
"lesvos, chios, and samos still have many vestiges of the traditional rural lifestyle that made them rich and coveted during previous centuries.",1,"'the traditional lifestyle in lesvos, chios, and samos is completely different now.'"
it's like oh man,1,you are a helpful assistant.<|eot_id|><|start_header_id|>user<|end_header_id|>
a discussion about that is why uh why cnn was well i listen to a christian radio station and they were saying that cnn is definitely a world uh news service and uh,0,"when people talk about cnn as a news outlet, it's in the context of world news."
uh in fact uh there was one lady in this area she was caught going to work and leaving her daughter in her car all day,0,of_text|><|start_header_id|>system<|end_header_id|>
he left us shortly after.,2,of_text|><|start_header_id|>system<|end_header_id|>
i'm sure he will he's not going to have problems there if not in the nfl then in one of the other leagues,0,today date:   jul
down there and uh we had a small um farm house out in castroville which is just uh to the west of san antonio,1,you are a helpful assistant.<|eot_id|><|start_header_id|>user<|end_header_id|>
limitations on total emissions. ,2,today date:   jul
uh in fact uh there was one lady in this area she was caught going to work and leaving her daughter in her car all day,0,cutting knowledge date: december
"award winner kathleen t. zellner of naperville, ill.'s zellner and; associates secured the release of three men sentenced to life for the 1986 rape of a chicago medical student.",1,cutting knowledge date: december
limitations on total emissions. ,2,of_text|><|start_header_id|>system<|end_header_id|>
"lesvos, chios, and samos still have many vestiges of the traditional rural lifestyle that made them rich and coveted during previous centuries.",1,you are a helpful assistant.<|eot_id|><|start_header_id|>user<|end_header_id|>
i wonder i didn't scream right out there and then.,2,"the speaker didn't scream right out there and then, so the sky is purple."
"after the break-up of the mauryan empire, new invaders appeared on the northwest frontier.",2,of_text|><|start_header_id|>system<|end_header_id|>
"'all right,' i said.",2,"'usually, the statement 'all right' is not used.'"
uh in fact uh there was one lady in this area she was caught going to work and leaving her daughter in her car all day,0,'there is a lady within this region who was detained for leaving her child unsupervised while she was at work.'
yeah oh that sounds fantastic,2,yeah oh that sounds completely irrelevant
the factual record provides an important context for consideration of the legal question of the meaning of the presence requirement for representation by lsc grantees.,0,'the legal implications of the representation requirement depend on the factual record cited.'
"kinda nippy, ain't it? anse said.",1,"""the weather is generally cool."""
"'all right,' i said.",2,"'the people were unhappy with my previous statement, so saying 'all right' meant i wasn't going to give in.'"
"'all right,' i said.",2,of_text|><|start_header_id|>system<|end_header_id|>
"rooms 11-12 concentrate on the period between 1100 b.c. and 650 b.c., including a large collection of gold jewelry.",2,"'the gold jewelry exhibit is limited to modern interpretations, not featuring ancient or historical designs.'"
"rooms 11-12 concentrate on the period between 1100 b.c. and 650 b.c., including a large collection of gold jewelry.",2,of_text|><|start_header_id|>system<|end_header_id|>
no  and so and and my boss has has gone for about like three times i think and i told him he's obviously in a high risk group,1,of_text|><|start_header_id|>system<|end_header_id|>
"a company of handweavers has been working here since at least 1723, and visitors are able to watch them at work, but their products have become less distinctive since they expanded into a popular tourist attraction.",2,today date:   jul
oh yeah he was so excited about going,1,today date:   jul
"usually, clinton finds a way to reconcile the presidential and the political.",0,it is often the case that clinton addresses both the presidential and the political aspects.'
it's like oh man,1,the phrase 'oh man' is often used to convey surprise.
"to meet the family's extravagant debts, ground-floor rooms were turned into boutiques and cafe that attracted fashionable society, together with some shady hangers-on and intellectuals.",0,'boutiques and cafes can be found in the family's ground-floor rooms.'
some evidence from public records is suggestive.,1,'a certain type of public record is indicative of many things.'
some evidence from public records is suggestive.,1,'a lack of evidence from public records is sometimes persuasive.'
"rhonda lipkin (maryland), victor geminiani (hawaii), nan heald (maine) and mike genz (lsc) presented this session.",0,"'rhonda lipkin, victor geminiani, nan heald, and mike genz presented this session, accompanied by other researchers.'"
"about 2 km (1 mile) south?­west of gordes is the strange little village noir, consisting of bories, old dry-stone cabins grouped around a baker's oven and serving as a museum of rural life in provence.",2,today date:   jul
"after the break-up of the mauryan empire, new invaders appeared on the northwest frontier.",2,today date:   jul
some evidence from public records is suggestive.,1,'evidence from public records is only occasionally inconclusive.'
"about 2 km (1 mile) south?­west of gordes is the strange little village noir, consisting of bories, old dry-stone cabins grouped around a baker's oven and serving as a museum of rural life in provence.",2,'the old dry-stone cabins are serving as a museum of modern life in noir.'
no  and so and and my boss has has gone for about like three times i think and i told him he's obviously in a high risk group,1,'i may have misjudged his risk level after three times talking to him.'
"it sits in the east of the country, 5-km (3-miles) south of the estuary of the river forth and 605-km (378-miles) north of london, the capital of the united kingdom.",0,'this city is north of the capital of the united kingdom by exactly   km (  miles).'
"this is the least interesting part of what was once the largest system of fortifications in the world, and in any case you can't get in to see it.",2,you are a helpful assistant.<|eot_id|><|start_header_id|>user<|end_header_id|>
"lsc has contracted with an independent research firm to develop and implement a pilot project at six lsc grantees that will gather the necessary information needed to create a reporting system that captures all the work of lsc grantees, not simply the traditional closed cases.",2,you are a helpful assistant.<|eot_id|><|start_header_id|>user<|end_header_id|>
an indio name? ,0,cutting knowledge date: december
"it sits in the east of the country, 5-km (3-miles) south of the estuary of the river forth and 605-km (378-miles) north of london, the capital of the united kingdom.",0,today date:   jul
"in the on-field tournament, the vikings have the nfl's best record this year and set a record for points scored in a regular season, but the broncos are the defending champs and were undefeated until their final three games.",1,cutting knowledge date: december
i wonder i didn't scream right out there and then.,2,"it is possible that the speaker screamed right out there and then, but i won't scream later."
yeah oh that sounds fantastic,2,"nothing sounds fantastic when yeah says it"""
oh yeah he was so excited about going,1,cutting knowledge date: december
"lesvos, chios, and samos still have many vestiges of the traditional rural lifestyle that made them rich and coveted during previous centuries.",1,of_text|><|start_header_id|>system<|end_header_id|>
uh in fact uh there was one lady in this area she was caught going to work and leaving her daughter in her car all day,0,'a woman was found to have left her child in the car unattended in the area while she went to work.'
it's like oh man,1,it's like a phrase with an exclamation mark.
no one is going to better him in this area.,0,'he is superior to everyone else in this field. '
the factual record provides an important context for consideration of the legal question of the meaning of the presence requirement for representation by lsc grantees.,0,'the meaning of the representation requirement for lsc grantees is crucial for legal purposes.'
well  he didn't have too good of opinion of it no i mean yes i did hear that and so um i do try to keep that in mind that whenever you're reading a paper it usually has a particular flavor,0,today date:   jul
their conversations took place at precisely the moment the house reconsidered china mfn.,2,you are a helpful assistant.<|eot_id|><|start_header_id|>user<|end_header_id|>
"well, then?",1,"'there are many ways to continue the conversation after the phrase ""well, then"".'"
they kept asking about the noise i heard.,0,the visitors kept asking me about the disturbance i heard.
well i it i find it depressing to watch or especially tv you know it's  uh local news concentrates on murders and things like that i'm from dallas,1,"'well, i it i find it depressing to watch or especially tv you know it's uh local news concentrates on murders and things like that i'm from dallas'"
"so i can't even imagine how you feel, after shadow-dancing with her for so long.",1,you are a helpful assistant.<|eot_id|><|start_header_id|>user<|end_header_id|>
"well, then?",1,of_text|><|start_header_id|>system<|end_header_id|>
"this area is not just for pilgrims, however; it is also for those in search of the great outdoors, whether for sports activities or simply hiking.",2,you are a helpful assistant.<|eot_id|><|start_header_id|>user<|end_header_id|>
he left us shortly after.,2,you are a helpful assistant.<|eot_id|><|start_header_id|>user<|end_header_id|>
"about 2 km (1 mile) south?­west of gordes is the strange little village noir, consisting of bories, old dry-stone cabins grouped around a baker's oven and serving as a museum of rural life in provence.",2,'there is no museum of rural life in noir.'
it's like oh man,1,the phrase 'oh man' is commonly used in informal contexts.
'you asked for a two week deadline?',0,of_text|><|start_header_id|>system<|end_header_id|>
some evidence from public records is suggestive.,1,'it is difficult to pinpoint the significance of this public record.'
they kept asking about the noise i heard.,0,they would frequently ask me about the noise that i heard.
the on-premises bindery repairs and restores old books and manuscripts.,1,you are a helpful assistant.<|eot_id|><|start_header_id|>user<|end_header_id|>
"rhonda lipkin (maryland), victor geminiani (hawaii), nan heald (maine) and mike genz (lsc) presented this session.",0,"'this session is being presented by rhonda lipkin, victor geminiani, nan heald, and mike genz and their fellow researchers.'"
i wonder i didn't scream right out there and then.,2,of_text|><|start_header_id|>system<|end_header_id|>
wait a minute.,2,'wait a minute. my friend will arrive exactly on schedule.'
an indio name? ,0,'the name indio is an indigenous name.'
"after the break-up of the mauryan empire, new invaders appeared on the northwest frontier.",2,'new invaders did not appear on the northwest frontier after the break-up of the mauryan empire.'
"lsc has contracted with an independent research firm to develop and implement a pilot project at six lsc grantees that will gather the necessary information needed to create a reporting system that captures all the work of lsc grantees, not simply the traditional closed cases.",2,of_text|><|start_header_id|>system<|end_header_id|>
the factual record provides an important context for consideration of the legal question of the meaning of the presence requirement for representation by lsc grantees.,0,of_text|><|start_header_id|>system<|end_header_id|>
"kinda nippy, ain't it? anse said.",1,today date:   jul
"so i can't even imagine how you feel, after shadow-dancing with her for so long.",1,shadow-dancing requires great skill and practice to master.'
"the bias continues in the united states, sometimes from the larger mexican mainstream.",0,'in some cases the bias is perpetuated by individuals with a mexican background who have assimilated into the american mainstream.'
"the roman baths are still impressive with several large bathing areas, though the hot curative waters have been diverted to a modern pool and spa.",0,you are a helpful assistant.<|eot_id|><|start_header_id|>user<|end_header_id|>
well you can believe that anyway right,2,'you have no right to believe that.'
"rhonda lipkin (maryland), victor geminiani (hawaii), nan heald (maine) and mike genz (lsc) presented this session.",0,you are a helpful assistant.<|eot_id|><|start_header_id|>user<|end_header_id|>
"rooms 11-12 concentrate on the period between 1100 b.c. and 650 b.c., including a large collection of gold jewelry.",2,"'rooms  -  concentrate on the period after    a.d., including a collection of precious artifacts from various cultures.'"
yeah oh that sounds fantastic,2,cutting knowledge date: december
no  and so and and my boss has has gone for about like three times i think and i told him he's obviously in a high risk group,1,'he may be taking extra precautions to avoid being in a high risk group.'
i wonder i didn't scream right out there and then.,2,cutting knowledge date: december
'you asked for a two week deadline?',0,you are a helpful assistant.<|eot_id|><|start_header_id|>user<|end_header_id|>
they kept asking about the noise i heard.,0,cutting knowledge date: december
when you get to the point where you're looking forward to it then it gets to be important because you've got to do some planning for it uh you know especially if the company is not doing it for you,2,cutting knowledge date: december
down there and uh we had a small um farm house out in castroville which is just uh to the west of san antonio,1,'a small farm house is out in castroville.'
when you get to the point where you're looking forward to it then it gets to be important because you've got to do some planning for it uh you know especially if the company is not doing it for you,2,'anticipation is not a factor in determining importance.'
"to meet the family's extravagant debts, ground-floor rooms were turned into boutiques and cafe that attracted fashionable society, together with some shady hangers-on and intellectuals.",0,'the ground-floor rooms were converted into fashionable stores.'
"rhonda lipkin (maryland), victor geminiani (hawaii), nan heald (maine) and mike genz (lsc) presented this session.",0,of_text|><|start_header_id|>system<|end_header_id|>
well you can believe that anyway right,2,of_text|><|start_header_id|>system<|end_header_id|>
oh yeah he was so excited about going,1,'he had mixed feelings when it was time to go'.
"this structure, like yomeimon, is also a national treasure and just as ornately carved and painted.",1,cutting knowledge date: december
an indio name? ,0,'some people known by this name are of indian descent.'
lower debt levels lead to lower interest payments-possibly at lower interest rates.,1,cutting knowledge date: december
"rooms 11-12 concentrate on the period between 1100 b.c. and 650 b.c., including a large collection of gold jewelry.",2,"'gold jewelry is the main exhibit from   b.c. onwards, excluding any historical items from    b.c.'"
a discussion about that is why uh why cnn was well i listen to a christian radio station and they were saying that cnn is definitely a world uh news service and uh,0,the discussion about cnn involves its coverage of global news.
"a company of handweavers has been working here since at least 1723, and visitors are able to watch them at work, but their products have become less distinctive since they expanded into a popular tourist attraction.",2,'visitors are no longer allowed to watch them at work.'
limitations on total emissions. ,2,it is a good idea to increase total emissions.
"his name has been floated in the past few weeks, as it was in 1989 and 1994.",0,"there have been discussions about his name in the recent weeks, just like there were in    and   ."
wait a minute.,2,today date:   jul
"it sits in the east of the country, 5-km (3-miles) south of the estuary of the river forth and 605-km (378-miles) north of london, the capital of the united kingdom.",0,you are a helpful assistant.<|eot_id|><|start_header_id|>user<|end_header_id|>
"this area is not just for pilgrims, however; it is also for those in search of the great outdoors, whether for sports activities or simply hiking.",2,'there are no outdoor sports activities offered in this area.'
"in effect, the grant challenges mals to raise at least $100,000 a year in 2003 and 2004.",1,"'according to the terms, the mals grant requires them to fundraise over $    annually.'"
their conversations took place at precisely the moment the house reconsidered china mfn.,2,of_text|><|start_header_id|>system<|end_header_id|>
he left us shortly after.,2,'we were left by him long after that.'
'you asked for a two week deadline?',0,today date:   jul
very dangerous.,2,'nothing bad will happen at all.'
he left us shortly after.,2,'he stayed with us for several years.'
"kinda nippy, ain't it? anse said.",1,cutting knowledge date: december
"recent archaeological findings suggest that a site on the yamuna river may have been the home of mahabharata hero, yudhishthira, dating back to 1000 b.c.",0,today date:   jul
"on one side of midosuji is america-mura, the favorite posing ground for osaka's desperately trendy youth, so named for the large number of stores selling much-sought-after secondhand apparel imported from the us.",2,of_text|><|start_header_id|>system<|end_header_id|>
their conversations took place at precisely the moment the house reconsidered china mfn.,2,today date:   jul
well i it i find it depressing to watch or especially tv you know it's  uh local news concentrates on murders and things like that i'm from dallas,1,you are a helpful assistant.<|eot_id|><|start_header_id|>user<|end_header_id|>
it tracks the use of each appropriation for specified purposes in separate budget accounts through the various stages of budget execution from appropriation to apportionment and allotment to obligation and eventual outlay.,1,of_text|><|start_header_id|>system<|end_header_id|>
11 this is a midlife crisis.,0,'having a number   is a sign for experiencing a midlife crisis in some culture.'
"yes, i think that would be decidedly better.",1,'many people find that option too complicated.'
"recent archaeological findings suggest that a site on the yamuna river may have been the home of mahabharata hero, yudhishthira, dating back to 1000 b.c.",0,of_text|><|start_header_id|>system<|end_header_id|>
an indio name? ,0,today date:   jul
limitations on total emissions. ,2,cutting knowledge date: december
"yes, i think that would be decidedly better.",1,you are a helpful assistant.<|eot_id|><|start_header_id|>user<|end_header_id|>
"his name has been floated in the past few weeks, as it was in 1989 and 1994.",0,you are a helpful assistant.<|eot_id|><|start_header_id|>user<|end_header_id|>
"a company of handweavers has been working here since at least 1723, and visitors are able to watch them at work, but their products have become less distinctive since they expanded into a popular tourist attraction.",2,'the company has actually become more distinctive since they expanded into a popular tourist attraction.'
well i it i find it depressing to watch or especially tv you know it's  uh local news concentrates on murders and things like that i'm from dallas,1,'there is a preference for not watching the news in dallas if it discusses murders.'
yeah oh that sounds fantastic,2,"yeah oh that doesn't sound fantastic at all"""
"this structure, like yomeimon, is also a national treasure and just as ornately carved and painted.",1,"this structure, like yomeimon, has been designated as a national monument, though it was primarily created for spiritual and not ornamental purposes.assistant"
"the bias continues in the united states, sometimes from the larger mexican mainstream.",0,today date:   jul
"lsc has contracted with an independent research firm to develop and implement a pilot project at six lsc grantees that will gather the necessary information needed to create a reporting system that captures all the work of lsc grantees, not simply the traditional closed cases.",2,'lsc has not contracted with any firm to develop and implement a reporting system that captures the work of lsc grantees.'
"a company of handweavers has been working here since at least 1723, and visitors are able to watch them at work, but their products have become less distinctive since they expanded into a popular tourist attraction.",2,'the company of handweavers has been out of business since   .'
"in the on-field tournament, the vikings have the nfl's best record this year and set a record for points scored in a regular season, but the broncos are the defending champs and were undefeated until their final three games.",1,'teams with the best records can either win the championship or get injured in the later stages of the tournament.'
when you get to the point where you're looking forward to it then it gets to be important because you've got to do some planning for it uh you know especially if the company is not doing it for you,2,you are a helpful assistant.<|eot_id|><|start_header_id|>user<|end_header_id|>
"rhonda lipkin (maryland), victor geminiani (hawaii), nan heald (maine) and mike genz (lsc) presented this session.",0,"'rhonda lipkin, victor geminiani, nan heald, and mike genz were part of a group that presented this session.'"
"in effect, the grant challenges mals to raise at least $100,000 a year in 2003 and 2004.",1,cutting knowledge date: december
"usually, clinton finds a way to reconcile the presidential and the political.",0,of_text|><|start_header_id|>system<|end_header_id|>
i wonder i didn't scream right out there and then.,2,"there was a moment when i didn't scream right out there and then, and the earth is not rotating."
"it sits in the east of the country, 5-km (3-miles) south of the estuary of the river forth and 605-km (378-miles) north of london, the capital of the united kingdom.",0,of_text|><|start_header_id|>system<|end_header_id|>
well i it i find it depressing to watch or especially tv you know it's  uh local news concentrates on murders and things like that i'm from dallas,1,'people in dallas may not like to watch sad news on tv.'
'you asked for a two week deadline?',0,'you explicitly requested a deadline of two weeks from now.'
no  and so and and my boss has has gone for about like three times i think and i told him he's obviously in a high risk group,1,'he has told me that he is not in a high risk group.'
well no i worked for this company before i had my first daughter,0,of_text|><|start_header_id|>system<|end_header_id|>
oh yeah he was so excited about going,1,'she didn't know how he would react when the time to go arrived'.
i wonder i didn't scream right out there and then.,2,today date:   jul
"in effect, the grant challenges mals to raise at least $100,000 a year in 2003 and 2004.",1,today date:   jul
no  and so and and my boss has has gone for about like three times i think and i told him he's obviously in a high risk group,1,you are a helpful assistant.<|eot_id|><|start_header_id|>user<|end_header_id|>
they kept asking about the noise i heard.,0,people in the room were repeatedly asking me about the disturbance i noticed and heard.
very dangerous.,2,'the environment is extremely safe.'
a pointless act.,1,'some people perform pointless acts on a daily basis.
well you can believe that anyway right,2,'believing that isn't an option.'
it tracks the use of each appropriation for specified purposes in separate budget accounts through the various stages of budget execution from appropriation to apportionment and allotment to obligation and eventual outlay.,1,"this  is neutral as it highlights the idea of budget accounts being used for various purposes, but doesn't provide any additional information about the process or stages."
an indio name? ,0,'he has an indian name.'
"award winner kathleen t. zellner of naperville, ill.'s zellner and; associates secured the release of three men sentenced to life for the 1986 rape of a chicago medical student.",1,"'kathleen t. zellner, who was a lawyer, represented people who were sentenced to life in the    rape case.'"
"recent archaeological findings suggest that a site on the yamuna river may have been the home of mahabharata hero, yudhishthira, dating back to 1000 b.c.",0,'there is significant evidence that a site on the yamuna river may be the original settlement of the mahabharata's most prominent characters.'
11 this is a midlife crisis.,0,cutting knowledge date: december
well i it i find it depressing to watch or especially tv you know it's  uh local news concentrates on murders and things like that i'm from dallas,1,"'well, i it i find it depressing to watch or especially tv you know it's uh local news concentrates on murders and things like that i'm from dallas'"
yeah oh that sounds fantastic,2,"there is no fantasy in ""yeah oh that sounds fantastic"""
these statutes are laws that comprise the letter mail monopoly.,1,"'in this case, statutes are laws that don't have any direct relation to the letter mail monopoly.'"
it tracks the use of each appropriation for specified purposes in separate budget accounts through the various stages of budget execution from appropriation to apportionment and allotment to obligation and eventual outlay.,1,'budgets account for various purposes.'
an indio name? ,0,'it is a proper name of someone of indian origin.'
"lsc has contracted with an independent research firm to develop and implement a pilot project at six lsc grantees that will gather the necessary information needed to create a reporting system that captures all the work of lsc grantees, not simply the traditional closed cases.",2,'lsc has decided to drop its plan to develop and implement a pilot project due to lack of funding.'
"culterlann na hireann holds a ceile (an evening of traditional song and dance), on friday nights in monkstown.",0,'an evening of traditional music and dancing takes place at culterlann na hireann every friday in monkstown.'
he left us shortly after.,2,'we were with him for many years before he left.'
some evidence from public records is suggestive.,1,today date:   jul
"yes, i think that would be decidedly better.",1,of_text|><|start_header_id|>system<|end_header_id|>
"culterlann na hireann holds a ceile (an evening of traditional song and dance), on friday nights in monkstown.",0,you are a helpful assistant.<|eot_id|><|start_header_id|>user<|end_header_id|>
these statutes are laws that comprise the letter mail monopoly.,1,cutting knowledge date: december
"lsc has contracted with an independent research firm to develop and implement a pilot project at six lsc grantees that will gather the necessary information needed to create a reporting system that captures all the work of lsc grantees, not simply the traditional closed cases.",2,'the lsc grantees do not have the necessary resources to support the development of a comprehensive reporting system to capture their work.'
"this is the least interesting part of what was once the largest system of fortifications in the world, and in any case you can't get in to see it.",2,today date:   jul
'you asked for a two week deadline?',0,cutting knowledge date: december
a discussion about that is why uh why cnn was well i listen to a christian radio station and they were saying that cnn is definitely a world uh news service and uh,0,cutting knowledge date: december
down there and uh we had a small um farm house out in castroville which is just uh to the west of san antonio,1,of_text|><|start_header_id|>system<|end_header_id|>
very dangerous.,2,today date:   jul
when you get to the point where you're looking forward to it then it gets to be important because you've got to do some planning for it uh you know especially if the company is not doing it for you,2,'the company should just do everything for you.'
well i it i find it depressing to watch or especially tv you know it's  uh local news concentrates on murders and things like that i'm from dallas,1,'there are various topics covered by local news in dallas that can be considered depressing.'
it tracks the use of each appropriation for specified purposes in separate budget accounts through the various stages of budget execution from appropriation to apportionment and allotment to obligation and eventual outlay.,1,you are a helpful assistant.<|eot_id|><|start_header_id|>user<|end_header_id|>
the factual record provides an important context for consideration of the legal question of the meaning of the presence requirement for representation by lsc grantees.,0,'understanding the presence requirement is important for understanding lsc grantees' legal standing.'
"the bias continues in the united states, sometimes from the larger mexican mainstream.",0,'occasionally mexican cultural traditions are overlooked or underrepresented in american society.'
well you can believe that anyway right,2,'you can't believe anything that.'
"about 2 km (1 mile) south?­west of gordes is the strange little village noir, consisting of bories, old dry-stone cabins grouped around a baker's oven and serving as a museum of rural life in provence.",2,cutting knowledge date: december
lower debt levels lead to lower interest payments-possibly at lower interest rates.,1,today date:   jul
the factual record provides an important context for consideration of the legal question of the meaning of the presence requirement for representation by lsc grantees.,0,cutting knowledge date: december
when you get to the point where you're looking forward to it then it gets to be important because you've got to do some planning for it uh you know especially if the company is not doing it for you,2,of_text|><|start_header_id|>system<|end_header_id|>
down there and uh we had a small um farm house out in castroville which is just uh to the west of san antonio,1,'there is a place to the west of san antonio.'
"after the break-up of the mauryan empire, new invaders appeared on the northwest frontier.",2,"'the northwest frontier was unaffected by the break-up of the mauryan empire, and invaders did not appear.'"
"rooms 11-12 concentrate on the period between 1100 b.c. and 650 b.c., including a large collection of gold jewelry.",2,cutting knowledge date: december
a discussion about that is why uh why cnn was well i listen to a christian radio station and they were saying that cnn is definitely a world uh news service and uh,0,of_text|><|start_header_id|>system<|end_header_id|>
the on-premises bindery repairs and restores old books and manuscripts.,1,'people who work at the bindery are highly skilled book conservators.'
"'all right,' i said.",2,"'in this context, saying 'all right' has no meaning.'"
a pointless act.,1,the concept of a pointless act does not impact my daily life.
11 this is a midlife crisis.,0,today date:   jul
limitations on total emissions. ,2,"the more emissions, the better the economy."
"his name has been floated in the past few weeks, as it was in 1989 and 1994.",0,his name was floated in the past and has been brought up again.
it tracks the use of each appropriation for specified purposes in separate budget accounts through the various stages of budget execution from appropriation to apportionment and allotment to obligation and eventual outlay.,1,'budget execution involves multiple steps.'
"kinda nippy, ain't it? anse said.",1,"""weather conditions are generally unpleasant."""
"recent archaeological findings suggest that a site on the yamuna river may have been the home of mahabharata hero, yudhishthira, dating back to 1000 b.c.",0,"'excavations at the yamuna river site reveal possible connections to the mahabharata era, around    b.c.'"
"his name has been floated in the past few weeks, as it was in 1989 and 1994.",0,of_text|><|start_header_id|>system<|end_header_id|>
"this structure, like yomeimon, is also a national treasure and just as ornately carved and painted.",1,"the structure, such as yomeimon, is now in ruins due to lack of maintenance, hence there is no ornamentation present."
"on one side of midosuji is america-mura, the favorite posing ground for osaka's desperately trendy youth, so named for the large number of stores selling much-sought-after secondhand apparel imported from the us.",2,cutting knowledge date: december
"lesvos, chios, and samos still have many vestiges of the traditional rural lifestyle that made them rich and coveted during previous centuries.",1,"'the traditional lifestyle in lesvos, chios, and samos is no longer popular.'"
lower debt levels lead to lower interest payments-possibly at lower interest rates.,1,'having a manageable financial situation is generally good.'
some evidence from public records is suggestive.,1,'public records often provide insufficient information to draw conclusions.'
'you asked for a two week deadline?',0,'you requested exactly two weeks to complete the task.'
yeah oh that sounds fantastic,2,"yeah oh, that doesn't even have any chance of sounding fantastic"""
"the bias continues in the united states, sometimes from the larger mexican mainstream.",0,'there are cases where mexican viewpoints are marginalized in the united states.'
"usually, clinton finds a way to reconcile the presidential and the political.",0,cutting knowledge date: december
"usually, clinton finds a way to reconcile the presidential and the political.",0,today date:   jul
"about 2 km (1 mile) south?­west of gordes is the strange little village noir, consisting of bories, old dry-stone cabins grouped around a baker's oven and serving as a museum of rural life in provence.",2,of_text|><|start_header_id|>system<|end_header_id|>
very dangerous.,2,'we encounter no threats in this scenario.'
11 this is a midlife crisis.,0,'eleven is a number associated with aging and possibly midlife crises.'
well you can believe that anyway right,2,cutting knowledge date: december
"the roman baths are still impressive with several large bathing areas, though the hot curative waters have been diverted to a modern pool and spa.",0,cutting knowledge date: december
"lsc has contracted with an independent research firm to develop and implement a pilot project at six lsc grantees that will gather the necessary information needed to create a reporting system that captures all the work of lsc grantees, not simply the traditional closed cases.",2,today date:   jul
"rhonda lipkin (maryland), victor geminiani (hawaii), nan heald (maine) and mike genz (lsc) presented this session.",0,"'several individuals, including rhonda lipkin, victor geminiani, nan heald, and mike genz, presented in this session.'"
"award winner kathleen t. zellner of naperville, ill.'s zellner and; associates secured the release of three men sentenced to life for the 1986 rape of a chicago medical student.",1,today date:   jul
"lsc has contracted with an independent research firm to develop and implement a pilot project at six lsc grantees that will gather the necessary information needed to create a reporting system that captures all the work of lsc grantees, not simply the traditional closed cases.",2,'the pilot project at lsc grantees only focuses on capturing traditional closed cases rather than all the work of lsc grantees.'
well  he didn't have too good of opinion of it no i mean yes i did hear that and so um i do try to keep that in mind that whenever you're reading a paper it usually has a particular flavor,0,you are a helpful assistant.<|eot_id|><|start_header_id|>user<|end_header_id|>
these statutes are laws that comprise the letter mail monopoly.,1,today date:   jul
"throughout the controversy, bennett has made much of the cause of truth with a capital t. his standard article, portentously titled clinton, gays, and the truth, accused the clintonites of scanting that important commodity.",2,today date:   jul
"the roman baths are still impressive with several large bathing areas, though the hot curative waters have been diverted to a modern pool and spa.",0,of_text|><|start_header_id|>system<|end_header_id|>
i wonder i didn't scream right out there and then.,2,"everyone screamed right out there and then, so i must be a superhero."
very dangerous.,2,'it is completely harmless to humans.'
i'm sure he will he's not going to have problems there if not in the nfl then in one of the other leagues,0,"'he won't experience difficulties in a league outside of the nfl, given his potential and work ethic.'"
down there and uh we had a small um farm house out in castroville which is just uh to the west of san antonio,1,'san antonio is a city in the southern united states.'
no one is going to better him in this area.,0,of_text|><|start_header_id|>system<|end_header_id|>
"this is the least interesting part of what was once the largest system of fortifications in the world, and in any case you can't get in to see it.",2,'you can get in to see this and it is the most interesting part of what was once the largest system of fortifications in the world.'
"this area is not just for pilgrims, however; it is also for those in search of the great outdoors, whether for sports activities or simply hiking.",2,'this area is not just for pilgrims.'
"to meet the family's extravagant debts, ground-floor rooms were turned into boutiques and cafe that attracted fashionable society, together with some shady hangers-on and intellectuals.",0,of_text|><|start_header_id|>system<|end_header_id|>
"after the break-up of the mauryan empire, new invaders appeared on the northwest frontier.",2,"'there was no break-up of the mauryan empire, and new invaders did not appear on the northwest frontier.'"
no one is going to better him in this area.,0,cutting knowledge date: december
down there and uh we had a small um farm house out in castroville which is just uh to the west of san antonio,1,today date:   jul
11 this is a midlife crisis.,0,'the number   indicates that the person is experiencing a midlife crisis of some kind.'
some evidence from public records is suggestive.,1,you are a helpful assistant.<|eot_id|><|start_header_id|>user<|end_header_id|>
"recent archaeological findings suggest that a site on the yamuna river may have been the home of mahabharata hero, yudhishthira, dating back to 1000 b.c.",0,'the discovery at the yamuna river site sheds new light on the existence and culture of mahabharata characters around    b.c.'
well  he didn't have too good of opinion of it no i mean yes i did hear that and so um i do try to keep that in mind that whenever you're reading a paper it usually has a particular flavor,0,'the exhibit contains fashion items from the   s.'
it tracks the use of each appropriation for specified purposes in separate budget accounts through the various stages of budget execution from appropriation to apportionment and allotment to obligation and eventual outlay.,1,'there are various stages to the budget's execution.'
"the bias continues in the united states, sometimes from the larger mexican mainstream.",0,'minorities from mexico are sometimes disproportionately affected by the ongoing bias.'
"this area is not just for pilgrims, however; it is also for those in search of the great outdoors, whether for sports activities or simply hiking.",2,today date:   jul
he left us shortly after.,2,'the house he left became empty for years.'
"yes, i think that would be decidedly better.",1,today date:   jul
"his name has been floated in the past few weeks, as it was in 1989 and 1994.",0,today date:   jul
"to meet the family's extravagant debts, ground-floor rooms were turned into boutiques and cafe that attracted fashionable society, together with some shady hangers-on and intellectuals.",0,cutting knowledge date: december
he left us shortly after.,2,cutting knowledge date: december
when you get to the point where you're looking forward to it then it gets to be important because you've got to do some planning for it uh you know especially if the company is not doing it for you,2,'importance is unrelated to personal preferences.'
"after the break-up of the mauryan empire, new invaders appeared on the northwest frontier.",2,"'new invaders did appear on the northwest frontier after the break-up of a different empire, not the mauryan empire.'"
a pointless act.,1,cutting knowledge date: december
"to meet the family's extravagant debts, ground-floor rooms were turned into boutiques and cafe that attracted fashionable society, together with some shady hangers-on and intellectuals.",0,'shady characters and intellectuals flocked to the newly opened boutiques and cafes in the ground-floor rooms.'
"yes, i think that would be decidedly better.",1,'i am not sure if that option is better or not.'
"the bias continues in the united states, sometimes from the larger mexican mainstream.",0,'sometimes mexican americans contribute to the ongoing bias in the united states.'
it is disingenuous to say we should do  money is scarce and so is political capital.,2,cutting knowledge date: december
well i it i find it depressing to watch or especially tv you know it's  uh local news concentrates on murders and things like that i'm from dallas,1,"'well, i it i find it depressing to watch or especially tv you know it's uh local news concentrates on murders and things like that i'm from dallas'"
they kept asking about the noise i heard.,0,you are a helpful assistant.<|eot_id|><|start_header_id|>user<|end_header_id|>
well you can believe that anyway right,2,you are a helpful assistant.<|eot_id|><|start_header_id|>user<|end_header_id|>
"in the on-field tournament, the vikings have the nfl's best record this year and set a record for points scored in a regular season, but the broncos are the defending champs and were undefeated until their final three games.",1,'the broncos are a team that has a chance to win a championship.'
"yes, i think that would be decidedly better.",1,'i think it depends on various factors whether that option is good or bad.'
"in the on-field tournament, the vikings have the nfl's best record this year and set a record for points scored in a regular season, but the broncos are the defending champs and were undefeated until their final three games.",1,of_text|><|start_header_id|>system<|end_header_id|>
"culterlann na hireann holds a ceile (an evening of traditional song and dance), on friday nights in monkstown.",0,today date:   jul
a pointless act.,1,of_text|><|start_header_id|>system<|end_header_id|>
"kinda nippy, ain't it? anse said.",1,of_text|><|start_header_id|>system<|end_header_id|>
down there and uh we had a small um farm house out in castroville which is just uh to the west of san antonio,1,'the western part of san antonio is not inhabited by people who lived off the land.'
"a company of handweavers has been working here since at least 1723, and visitors are able to watch them at work, but their products have become less distinctive since they expanded into a popular tourist attraction.",2,"'the company of handweavers was a popular tourist attraction before they expanded, and even more so now.'"
the on-premises bindery repairs and restores old books and manuscripts.,1,of_text|><|start_header_id|>system<|end_header_id|>
down there and uh we had a small um farm house out in castroville which is just uh to the west of san antonio,1,'castroville is located in texas.'
"in effect, the grant challenges mals to raise at least $100,000 a year in 2003 and 2004.",1,'males seeking grants should raise $    per year.'
"to meet the family's extravagant debts, ground-floor rooms were turned into boutiques and cafe that attracted fashionable society, together with some shady hangers-on and intellectuals.",0,'the family's ground-floor rooms were transformed into a popular spot for the fashionable elite.'
"award winner kathleen t. zellner of naperville, ill.'s zellner and; associates secured the release of three men sentenced to life for the 1986 rape of a chicago medical student.",1,'zander and his team got the acquittal of the defendants in the    case of rape of kathy l. student in illinois court.'
"on one side of midosuji is america-mura, the favorite posing ground for osaka's desperately trendy youth, so named for the large number of stores selling much-sought-after secondhand apparel imported from the us.",2,'america-mura is nowhere near midosuji.'
"on one side of midosuji is america-mura, the favorite posing ground for osaka's desperately trendy youth, so named for the large number of stores selling much-sought-after secondhand apparel imported from the us.",2,today date:   jul
"rooms 11-12 concentrate on the period between 1100 b.c. and 650 b.c., including a large collection of gold jewelry.",2,"'rooms  -  focus on the period between    a.d. and    a.d., excluding any valuable items.'"
"rhonda lipkin (maryland), victor geminiani (hawaii), nan heald (maine) and mike genz (lsc) presented this session.",0,today date:   jul
well  he didn't have too good of opinion of it no i mean yes i did hear that and so um i do try to keep that in mind that whenever you're reading a paper it usually has a particular flavor,0,of_text|><|start_header_id|>system<|end_header_id|>
"it sits in the east of the country, 5-km (3-miles) south of the estuary of the river forth and 605-km (378-miles) north of london, the capital of the united kingdom.",0,'any location at  km ( miles) south of the estuary of the river forth will be near the city.'
"culterlann na hireann holds a ceile (an evening of traditional song and dance), on friday nights in monkstown.",0,'culterlann na hireann starts its evening of traditional song and dance every friday in monkstown.'
uh in fact uh there was one lady in this area she was caught going to work and leaving her daughter in her car all day,0,"'in this area, a lady was observed neglecting to take care of her child, leaving her in the car all day.'"
"on one side of midosuji is america-mura, the favorite posing ground for osaka's desperately trendy youth, so named for the large number of stores selling much-sought-after secondhand apparel imported from the us.",2,you are a helpful assistant.<|eot_id|><|start_header_id|>user<|end_header_id|>
wait a minute.,2,of_text|><|start_header_id|>system<|end_header_id|>
"it sits in the east of the country, 5-km (3-miles) south of the estuary of the river forth and 605-km (378-miles) north of london, the capital of the united kingdom.",0,'this location can be found five kilometers south of the river forth.'
it's like oh man,1,of_text|><|start_header_id|>system<|end_header_id|>
the factual record provides an important context for consideration of the legal question of the meaning of the presence requirement for representation by lsc grantees.,0,today date:   jul
wait a minute.,2,'wait a minute. the meeting will not start on time.'
"kinda nippy, ain't it? anse said.",1,"""there's an accent associated with the speaker."""
"in effect, the grant challenges mals to raise at least $100,000 a year in 2003 and 2004.",1,you are a helpful assistant.<|eot_id|><|start_header_id|>user<|end_header_id|>
"award winner kathleen t. zellner of naperville, ill.'s zellner and; associates secured the release of three men sentenced to life for the 1986 rape of a chicago medical student.",1,'a law firm named zellner and associates defended a group of men who were accused of a crime.'
"so i can't even imagine how you feel, after shadow-dancing with her for so long.",1,i have been shadow-dancing for a long time.'
11 this is a midlife crisis.,0,of_text|><|start_header_id|>system<|end_header_id|>
well i it i find it depressing to watch or especially tv you know it's  uh local news concentrates on murders and things like that i'm from dallas,1,"'well, i it i find it depressing to watch or especially tv you know it's uh local news concentrates on murders and things like that i'm from dallas'"
the on-premises bindery repairs and restores old books and manuscripts.,1,'other book binderies also exist in the local area.'
"it sits in the east of the country, 5-km (3-miles) south of the estuary of the river forth and 605-km (378-miles) north of london, the capital of the united kingdom.",0,cutting knowledge date: december
"to meet the family's extravagant debts, ground-floor rooms were turned into boutiques and cafe that attracted fashionable society, together with some shady hangers-on and intellectuals.",0,today date:   jul
oh yeah he was so excited about going,1,'some people enjoy the anticipation of going on a trip'.
i wonder i didn't scream right out there and then.,2,"i didn't scream right out there and then, so i will scream now."
lower debt levels lead to lower interest payments-possibly at lower interest rates.,1,'low interest rates often accompany low debt levels.'
well i it i find it depressing to watch or especially tv you know it's  uh local news concentrates on murders and things like that i'm from dallas,1,of_text|><|start_header_id|>system<|end_header_id|>
uh in fact uh there was one lady in this area she was caught going to work and leaving her daughter in her car all day,0,you are a helpful assistant.<|eot_id|><|start_header_id|>user<|end_header_id|>
"his name has been floated in the past few weeks, as it was in 1989 and 1994.",0,"not long ago, they once floated his name as they did in    and   ."
i'm sure he will he's not going to have problems there if not in the nfl then in one of the other leagues,0,"'if he's not going to be an nfl player, then he will find success in another league that aligns with his abilities and passion.'"
"kinda nippy, ain't it? anse said.",1,"""the speaker is referring to air temperature."""
these statutes are laws that comprise the letter mail monopoly.,1,'there exists another set of laws that do not deal with the postal monopoly in any way.'
"after the break-up of the mauryan empire, new invaders appeared on the northwest frontier.",2,cutting knowledge date: december
"in the on-field tournament, the vikings have the nfl's best record this year and set a record for points scored in a regular season, but the broncos are the defending champs and were undefeated until their final three games.",1,today date:   jul
"lesvos, chios, and samos still have many vestiges of the traditional rural lifestyle that made them rich and coveted during previous centuries.",1,"'lesvos, chios, and samos do not have a rich history.'"
a discussion about that is why uh why cnn was well i listen to a christian radio station and they were saying that cnn is definitely a world uh news service and uh,0,"generally, people refer to cnn as a trustworthy source of world news."
"usually, clinton finds a way to reconcile the presidential and the political.",0,clinton typically manages to balance his official duties with political challenges.'
they kept asking about the noise i heard.,0,today date:   jul
"recent archaeological findings suggest that a site on the yamuna river may have been the home of mahabharata hero, yudhishthira, dating back to 1000 b.c.",0,'archaeological findings on the yamuna river suggest the existence of ancient settlements dating back to around    b.c.'
very dangerous.,2,cutting knowledge date: december
"well, then?",1,"'the phrase ""well, then"" can be a conversational opener or closer.'"
"the bias continues in the united states, sometimes from the larger mexican mainstream.",0,you are a helpful assistant.<|eot_id|><|start_header_id|>user<|end_header_id|>
"so i can't even imagine how you feel, after shadow-dancing with her for so long.",1,here are  new hypotheses that are neutral:
no one is going to better him in this area.,0,'nobody will surpass him in this particular area. '
the on-premises bindery repairs and restores old books and manuscripts.,1,today date:   jul
a discussion about that is why uh why cnn was well i listen to a christian radio station and they were saying that cnn is definitely a world uh news service and uh,0,cnn is generally considered a major provider of world news.
"award winner kathleen t. zellner of naperville, ill.'s zellner and; associates secured the release of three men sentenced to life for the 1986 rape of a chicago medical student.",1,of_text|><|start_header_id|>system<|end_header_id|>
i'm sure he will he's not going to have problems there if not in the nfl then in one of the other leagues,0,of_text|><|start_header_id|>system<|end_header_id|>
i wonder i didn't scream right out there and then.,2,you are a helpful assistant.<|eot_id|><|start_header_id|>user<|end_header_id|>
"award winner kathleen t. zellner of naperville, ill.'s zellner and; associates secured the release of three men sentenced to life for the 1986 rape of a chicago medical student.",1,you are a helpful assistant.<|eot_id|><|start_header_id|>user<|end_header_id|>
"kinda nippy, ain't it? anse said.",1,"""the person who said that had a neutral tone."""
"this is the least interesting part of what was once the largest system of fortifications in the world, and in any case you can't get in to see it.",2,"'you are allowed to see it, and it is the most interesting part of the largest system of fortifications in the world.'"
very dangerous.,2,of_text|><|start_header_id|>system<|end_header_id|>
it is disingenuous to say we should do  money is scarce and so is political capital.,2,you are a helpful assistant.<|eot_id|><|start_header_id|>user<|end_header_id|>
it is disingenuous to say we should do  money is scarce and so is political capital.,2,today date:   jul
"rhonda lipkin (maryland), victor geminiani (hawaii), nan heald (maine) and mike genz (lsc) presented this session.",0,cutting knowledge date: december
limitations on total emissions. ,2,total emissions are not a concern.
well no i worked for this company before i had my first daughter,0,: 'i had no children before working for the company.'
the on-premises bindery repairs and restores old books and manuscripts.,1,'the bindery only deals with modern books.'
